Product,REF_DATE,VALUE,price_proxy,hours_needed
"Alcoholic beverages, tobacco products and recreational cannabis",2023-01-01,186.5,100.0,3.3557046979865772
"Alcoholic beverages, tobacco products and recreational cannabis",2023-02-01,187.3,100.4289544235925,3.3700991417312918
"Alcoholic beverages, tobacco products and recreational cannabis",2023-03-01,189.0,101.34048257372655,3.40068733468881
"Alcoholic beverages, tobacco products and recreational cannabis",2023-04-01,189.4,101.55495978552278,3.407884556561167
"Alcoholic beverages, tobacco products and recreational cannabis",2023-05-01,190.3,102.03753351206434,3.424078305773971
"Alcoholic beverages, tobacco products and recreational cannabis",2023-06-01,190.5,102.14477211796248,3.42767691671015
"Alcoholic beverages, tobacco products and recreational cannabis",2023-07-01,191.2,102.5201072386059,3.4402720549867754
"Alcoholic beverages, tobacco products and recreational cannabis",2023-08-01,191.9,102.89544235924933,3.4528671932634003
"Alcoholic beverages, tobacco products and recreational cannabis",2023-09-01,192.0,102.94906166219839,3.4546664987314895
"Alcoholic beverages, tobacco products and recreational cannabis",2023-10-01,192.2,103.0563002680965,3.4582651096676678
"Alcoholic beverages, tobacco products and recreational cannabis",2023-11-01,193.0,103.48525469168901,3.4726595534123827
"Alcoholic beverages, tobacco products and recreational cannabis",2023-12-01,192.1,103.00268096514745,3.4564658041995786
"Alcoholic beverages, tobacco products and recreational cannabis",2024-01-01,194.3,104.18230563002682,3.496050524497544
"Alcoholic beverages, tobacco products and recreational cannabis",2024-02-01,194.1,104.07506702412867,3.4924519135613648
"Alcoholic beverages, tobacco products and recreational cannabis",2024-03-01,195.0,104.55764075067025,3.5086456627741693
"Alcoholic beverages, tobacco products and recreational cannabis",2024-04-01,195.9,105.04021447721179,3.5248394119869726
"Alcoholic beverages, tobacco products and recreational cannabis",2024-05-01,196.4,105.3083109919571,3.5338359393274192
"Alcoholic beverages, tobacco products and recreational cannabis",2024-06-01,196.5,105.36193029490617,3.5356352447955093
"Alcoholic beverages, tobacco products and recreational cannabis",2024-07-01,196.4,105.3083109919571,3.5338359393274192
"Alcoholic beverages, tobacco products and recreational cannabis",2024-08-01,197.9,106.11260053619303,3.560825521348759
"Alcoholic beverages, tobacco products and recreational cannabis",2024-09-01,197.8,106.05898123324397,3.55902621588067
"Alcoholic beverages, tobacco products and recreational cannabis",2024-10-01,198.0,106.1662198391421,3.5626248268168488
"Alcoholic beverages, tobacco products and recreational cannabis",2024-11-01,198.3,106.32707774798928,3.5680227432211167
"Alcoholic beverages, tobacco products and recreational cannabis",2024-12-01,193.5,103.75335120643432,3.4816560807528294
"Alcoholic beverages, tobacco products and recreational cannabis",2025-01-01,192.3,103.10991957104558,3.460064415135758
"Alcoholic beverages, tobacco products and recreational cannabis",2025-02-01,195.2,104.66487935656836,3.5122442737103476
"Alcoholic beverages, tobacco products and recreational cannabis",2025-03-01,199.7,107.07774798927613,3.593213019774367
"Alcoholic beverages, tobacco products and recreational cannabis",2025-04-01,200.0,107.23860589812332,3.598610936178635
"Alcoholic beverages, tobacco products and recreational cannabis",2025-05-01,200.4,107.45308310991956,3.605808158050992
"Alcoholic beverages, tobacco products and recreational cannabis",2025-06-01,200.2,107.34584450402144,3.6022095471148132
"Alcoholic beverages, tobacco products and recreational cannabis",2025-07-01,200.1,107.29222520107238,3.600410241646724
"Alcoholic beverages, tobacco products and recreational cannabis",2025-08-01,200.5,107.50670241286863,3.6076074635190816
"Alcoholic beverages, tobacco products and recreational cannabis",2025-09-01,200.8,107.66756032171583,3.61300537992335
All-items,2023-01-01,153.9,100.0,3.3557046979865772
All-items,2023-02-01,154.5,100.38986354775827,3.3687873673744386
All-items,2023-03-01,155.3,100.90968161143601,3.3862309265582553
All-items,2023-04-01,156.4,101.62443144899285,3.410215820436002
All-items,2023-05-01,157.0,102.01429499675115,3.423298489823864
All-items,2023-06-01,157.2,102.14424951267056,3.427659379619817
All-items,2023-07-01,158.1,102.72904483430798,3.44728338370161
All-items,2023-08-01,158.7,103.11890838206628,3.4603660530894724
All-items,2023-09-01,158.5,102.98895386614684,3.456005163293518
All-items,2023-10-01,158.6,103.05393112410654,3.458185608191495
All-items,2023-11-01,158.8,103.18388564002599,3.462546497987449
All-items,2023-12-01,158.3,102.85899935022742,3.4516442734975645
All-items,2024-01-01,158.3,102.85899935022742,3.4516442734975645
All-items,2024-02-01,158.8,103.18388564002599,3.462546497987449
All-items,2024-03-01,159.8,103.83365821962313,3.484350946967219
All-items,2024-04-01,160.6,104.35347628330082,3.5017945061510343
All-items,2024-05-01,161.5,104.93827160493827,3.5214185102328277
All-items,2024-06-01,161.4,104.87329434697857,3.5192380653348514
All-items,2024-07-01,162.1,105.32813515269655,3.5345011796206895
All-items,2024-08-01,161.8,105.13320337881741,3.527959844926759
All-items,2024-09-01,161.1,104.67836257309942,3.5126967306409203
All-items,2024-10-01,161.8,105.13320337881741,3.527959844926759
All-items,2024-11-01,161.8,105.13320337881741,3.527959844926759
All-items,2024-12-01,161.2,104.74333983105912,3.5148771755388966
All-items,2025-01-01,161.3,104.80831708901886,3.517057620436874
All-items,2025-02-01,163.0,105.91293047433399,3.554125183702483
All-items,2025-03-01,163.5,106.23781676413256,3.5650274081923676
All-items,2025-04-01,163.4,106.17283950617285,3.562846963294391
All-items,2025-05-01,164.3,106.75763482781026,3.5824709673761834
All-items,2025-06-01,164.4,106.82261208576998,3.58465141227416
All-items,2025-07-01,164.9,107.14749837556856,3.5955536367640457
All-items,2025-08-01,164.8,107.08252111760883,3.593373191866068
All-items,2025-09-01,164.9,107.14749837556856,3.5955536367640457
All-items excluding energy,2023-01-01,150.4,100.0,3.3557046979865772
All-items excluding energy,2023-02-01,151.2,100.53191489361701,3.3735541910609737
All-items excluding energy,2023-03-01,152.0,101.06382978723406,3.391403684135371
All-items excluding energy,2023-04-01,152.7,101.52925531914892,3.407021990575467
All-items excluding energy,2023-05-01,153.4,101.99468085106382,3.4226402970155645
All-items excluding energy,2023-06-01,153.5,102.06117021276594,3.4248714836498637
All-items excluding energy,2023-07-01,154.3,102.59308510638299,3.442720976724261
All-items excluding energy,2023-08-01,154.5,102.72606382978724,3.4471833499928604
All-items excluding energy,2023-09-01,154.4,102.65957446808511,3.4449521633585607
All-items excluding energy,2023-10-01,155.1,103.125,3.4605704697986575
All-items excluding energy,2023-11-01,155.5,103.3909574468085,3.4694952163358557
All-items excluding energy,2023-12-01,155.2,103.19148936170212,3.462801656432957
All-items excluding energy,2024-01-01,155.3,103.25797872340425,3.465032843067257
All-items excluding energy,2024-02-01,155.6,103.45744680851064,3.471726402970156
All-items excluding energy,2024-03-01,156.4,103.98936170212767,3.4895758960445526
All-items excluding energy,2024-04-01,156.6,104.1223404255319,3.494038269313151
All-items excluding energy,2024-05-01,157.7,104.85372340425532,3.518581322290447
All-items excluding energy,2024-06-01,157.8,104.92021276595744,3.520812508924746
All-items excluding energy,2024-07-01,158.5,105.38563829787233,3.5364308153648434
All-items excluding energy,2024-08-01,158.3,105.2526595744681,3.531968442096245
All-items excluding energy,2024-09-01,158.1,105.11968085106382,3.5275060688276447
All-items excluding energy,2024-10-01,158.8,105.58510638297874,3.543124375267743
All-items excluding energy,2024-11-01,158.8,105.58510638297874,3.543124375267743
All-items excluding energy,2024-12-01,158.2,105.18617021276594,3.5297372554619444
All-items excluding energy,2025-01-01,157.9,104.98670212765957,3.523043695559046
All-items excluding energy,2025-02-01,159.6,106.11702127659575,3.5609738683421392
All-items excluding energy,2025-03-01,160.3,106.58244680851064,3.576592174782236
All-items excluding energy,2025-04-01,161.1,107.11436170212765,3.5944416678566324
All-items excluding energy,2025-05-01,161.9,107.64627659574468,3.6122911609310293
All-items excluding energy,2025-06-01,162.1,107.77925531914893,3.6167535341996286
All-items excluding energy,2025-07-01,162.6,108.11170212765957,3.6279094673711265
All-items excluding energy,2025-08-01,162.3,107.9122340425532,3.621215907468228
All-items excluding energy,2025-09-01,162.4,107.97872340425532,3.6234470941025276
All-items excluding food and energy,2023-01-01,144.3,100.0,3.3557046979865772
All-items excluding food and energy,2023-02-01,145.0,100.48510048510049,3.37198323775505
All-items excluding food and energy,2023-03-01,145.9,101.10880110880109,3.3929127888859423
All-items excluding food and energy,2023-04-01,146.6,101.59390159390158,3.409191328654415
All-items excluding food and energy,2023-05-01,147.2,102.00970200970198,3.4231443627416773
All-items excluding food and energy,2023-06-01,147.2,102.00970200970198,3.4231443627416773
All-items excluding food and energy,2023-07-01,148.0,102.56410256410255,3.4417484081913607
All-items excluding food and energy,2023-08-01,148.3,102.77200277200278,3.4487249252349925
All-items excluding food and energy,2023-09-01,148.2,102.7027027027027,3.4463994195537815
All-items excluding food and energy,2023-10-01,149.0,103.25710325710324,3.4650034650034645
All-items excluding food and energy,2023-11-01,149.3,103.46500346500346,3.471979982047096
All-items excluding food and energy,2023-12-01,148.9,103.18780318780318,3.4626779593222543
All-items excluding food and energy,2024-01-01,148.8,103.11850311850313,3.4603524536410446
All-items excluding food and energy,2024-02-01,149.1,103.32640332640331,3.4673289706846746
All-items excluding food and energy,2024-03-01,150.1,104.01940401940402,3.490584027496779
All-items excluding food and energy,2024-04-01,150.5,104.29660429660427,3.49988605022162
All-items excluding food and energy,2024-05-01,151.4,104.92030492030491,3.520815601352514
All-items excluding food and energy,2024-06-01,151.4,104.92030492030491,3.520815601352514
All-items excluding food and energy,2024-07-01,152.0,105.33610533610533,3.534768635439776
All-items excluding food and energy,2024-08-01,151.8,105.1975051975052,3.5301176240773553
All-items excluding food and energy,2024-09-01,151.7,105.12820512820511,3.5277921183961447
All-items excluding food and energy,2024-10-01,152.4,105.61330561330561,3.544070658164618
All-items excluding food and energy,2024-11-01,152.2,105.47470547470546,3.5394196468021963
All-items excluding food and energy,2024-12-01,152.1,105.40540540540539,3.537094141120986
All-items excluding food and energy,2025-01-01,152.0,105.33610533610533,3.534768635439776
All-items excluding food and energy,2025-02-01,153.4,106.30630630630631,3.5673257149767217
All-items excluding food and energy,2025-03-01,153.7,106.51420651420649,3.574302232020352
All-items excluding food and energy,2025-04-01,154.4,106.999306999307,3.5905807717888254
All-items excluding food and energy,2025-05-01,155.3,107.62300762300762,3.611510322919719
All-items excluding food and energy,2025-06-01,155.4,107.6923076923077,3.613835828600929
All-items excluding food and energy,2025-07-01,155.8,107.96950796950797,3.6231378513257706
All-items excluding food and energy,2025-08-01,155.5,107.76160776160775,3.6161613342821393
All-items excluding food and energy,2025-09-01,155.4,107.6923076923077,3.613835828600929
Clothing and footwear,2023-01-01,93.8,100.0,3.3557046979865772
Clothing and footwear,2023-02-01,95.6,101.91897654584221,3.420099884088665
Clothing and footwear,2023-03-01,96.8,103.19829424307036,3.4630300081567236
Clothing and footwear,2023-04-01,97.5,103.94456289978677,3.4880725805297574
Clothing and footwear,2023-05-01,97.9,104.37100213219617,3.5023826218857774
Clothing and footwear,2023-06-01,96.2,102.55863539445629,3.441564946122694
Clothing and footwear,2023-07-01,95.2,101.49253731343283,3.4057898427326454
Clothing and footwear,2023-08-01,96.2,102.55863539445629,3.441564946122694
Clothing and footwear,2023-09-01,97.1,103.51812366737741,3.4737625391737383
Clothing and footwear,2023-10-01,97.2,103.62473347547976,3.4773400495127436
Clothing and footwear,2023-11-01,97.9,104.37100213219617,3.5023826218857774
Clothing and footwear,2023-12-01,95.7,102.02558635394456,3.4236773944276697
Clothing and footwear,2024-01-01,92.6,98.72068230277186,3.3127745739185186
Clothing and footwear,2024-02-01,91.6,97.6545842217484,3.2769994705284695
Clothing and footwear,2024-03-01,94.2,100.4264392324094,3.370014739342597
Clothing and footwear,2024-04-01,95.0,101.27931769722815,3.398634822054636
Clothing and footwear,2024-05-01,95.0,101.27931769722815,3.398634822054636
Clothing and footwear,2024-06-01,93.2,99.36034115138594,3.334239635952548
Clothing and footwear,2024-07-01,92.6,98.72068230277186,3.3127745739185186
Clothing and footwear,2024-08-01,92.0,98.08102345415779,3.2913095118844895
Clothing and footwear,2024-09-01,92.8,98.93390191897655,3.319929594596528
Clothing and footwear,2024-10-01,95.0,101.27931769722815,3.398634822054636
Clothing and footwear,2024-11-01,94.2,100.4264392324094,3.370014739342597
Clothing and footwear,2024-12-01,91.4,97.44136460554373,3.2698444498504604
Clothing and footwear,2025-01-01,91.4,97.44136460554373,3.2698444498504604
Clothing and footwear,2025-02-01,92.9,99.0405117270789,3.3235071049355334
Clothing and footwear,2025-03-01,94.4,100.63965884861408,3.3771697600206063
Clothing and footwear,2025-04-01,94.2,100.4264392324094,3.370014739342597
Clothing and footwear,2025-05-01,95.5,101.81236673773988,3.41652237374966
Clothing and footwear,2025-06-01,95.1,101.38592750533049,3.40221233239364
Clothing and footwear,2025-07-01,93.3,99.46695095948827,3.337817146291553
Clothing and footwear,2025-08-01,93.6,99.7867803837953,3.3485496773085672
Clothing and footwear,2025-09-01,93.5,99.68017057569296,3.344972166969562
Energy,2023-01-01,200.3,100.0,3.3557046979865772
Energy,2023-02-01,197.9,98.80179730404393,3.3154965538269776
Energy,2023-03-01,199.2,99.45082376435346,3.3372759652467603
Energy,2023-04-01,206.0,102.84573140289565,3.451199040365626
Energy,2023-05-01,204.4,102.0469296055916,3.4243936109258923
Energy,2023-06-01,207.2,103.44483275087369,3.4713031124454257
Energy,2023-07-01,210.7,105.19221168247628,3.5299399893448418
Energy,2023-08-01,218.4,109.03644533200199,3.6589411185235567
Energy,2023-09-01,216.2,107.93809286070892,3.6220836530439233
Energy,2023-10-01,206.2,102.94558162755865,3.4545497190455925
Energy,2023-11-01,202.3,100.99850224663005,3.389211484786243
Energy,2023-12-01,197.0,98.3524712930604,3.3004184997671278
Energy,2024-01-01,194.9,97.30404393409884,3.2652363736274777
Energy,2024-02-01,200.4,100.04992511233151,3.3573800373265605
Energy,2024-03-01,204.7,102.19670494258611,3.4294196289458423
Energy,2024-04-01,215.2,107.43884173739389,3.60533025964409
Energy,2024-05-01,212.8,106.24063904143783,3.565122115484491
Energy,2024-06-01,208.3,103.99400898652023,3.4897318451852426
Energy,2024-07-01,211.6,105.64153769345981,3.5450180434046916
Energy,2024-08-01,208.2,103.94408387418869,3.488056505845258
Energy,2024-09-01,198.3,99.00149775336995,3.322197911186911
Energy,2024-10-01,198.9,99.30104842735896,3.332249947226811
Energy,2024-11-01,199.5,99.60059910134798,3.3423019832667107
Energy,2024-12-01,199.0,99.35097353969046,3.3339252865667937
Energy,2025-01-01,205.3,102.49625561657514,3.439471664985743
Energy,2025-02-01,206.4,103.04543185222165,3.4579003977255587
Energy,2025-03-01,204.0,101.84722915626561,3.41769225356596
Energy,2025-04-01,187.8,93.75936095856216,3.146287280488663
Energy,2025-05-01,189.4,94.55816275586619,3.1730927099283956
Energy,2025-06-01,188.6,94.15876185721417,3.159689995208529
Energy,2025-07-01,189.5,94.6080878681977,3.174768049268379
Energy,2025-08-01,191.0,95.35696455317024,3.1998981393681287
Energy,2025-09-01,193.1,96.4053919121318,3.2350802655077784
Food,2023-01-01,181.0,100.0,3.3557046979865772
Food,2023-02-01,182.1,100.60773480662984,3.376098483443954
Food,2023-03-01,182.4,100.77348066298345,3.3816604249323303
Food,2023-04-01,183.1,101.16022099447513,3.3946382884052055
Food,2023-05-01,184.6,101.98895027624309,3.4224479958470835
Food,2023-06-01,184.8,102.09944751381217,3.4261559568393345
Food,2023-07-01,185.5,102.48618784530387,3.4391338203122106
Food,2023-08-01,185.3,102.37569060773481,3.43542585931996
Food,2023-09-01,185.2,102.32044198895028,3.4335718788238347
Food,2023-10-01,185.0,102.20994475138122,3.429863917831584
Food,2023-11-01,186.2,102.87292817679557,3.4521116837850863
Food,2023-12-01,186.8,103.20441988950277,3.463235566761838
Food,2024-01-01,188.1,103.92265193370164,3.4873373132114645
Food,2024-02-01,188.1,103.92265193370164,3.4873373132114645
Food,2024-03-01,187.8,103.75690607734806,3.4817753717230895
Food,2024-04-01,187.4,103.53591160220994,3.4743594497385883
Food,2024-05-01,189.0,104.41988950276244,3.504023137676592
Food,2024-06-01,190.0,104.97237569060773,3.5225629426378435
Food,2024-07-01,190.5,105.24861878453038,3.531832845118469
Food,2024-08-01,190.3,105.13812154696134,3.5281248841262194
Food,2024-09-01,190.3,105.13812154696134,3.5281248841262194
Food,2024-10-01,190.5,105.24861878453038,3.531832845118469
Food,2024-11-01,191.5,105.8011049723757,3.5503726500797215
Food,2024-12-01,188.0,103.86740331491713,3.4854833327153396
Food,2025-01-01,187.0,103.31491712707181,3.4669435277540877
Food,2025-02-01,190.5,105.24861878453038,3.531832845118469
Food,2025-03-01,193.8,107.0718232044199,3.593014201490601
Food,2025-04-01,194.5,107.45856353591161,3.605992064963477
Food,2025-05-01,195.4,107.95580110497238,3.622677889428603
Food,2025-06-01,195.6,108.06629834254142,3.626385850420853
Food,2025-07-01,196.8,108.7292817679558,3.6486336163743553
Food,2025-08-01,196.8,108.7292817679558,3.6486336163743553
Food,2025-09-01,197.5,109.1160220994475,3.6616114798472315
Gasoline,2023-01-01,218.1,100.0,3.3557046979865772
Gasoline,2023-02-01,215.9,98.9912883998166,3.321855315430087
Gasoline,2023-03-01,218.4,100.13755158184318,3.360320522880644
Gasoline,2023-04-01,232.2,106.46492434662997,3.572648468007717
Gasoline,2023-05-01,230.3,105.59376432828978,3.5434149103452945
Gasoline,2023-06-01,234.7,107.61118752865657,3.611113675458274
Gasoline,2023-07-01,236.8,108.57404860155893,3.6434244497167425
Gasoline,2023-08-01,247.8,113.61760660247593,3.8126713624991924
Gasoline,2023-09-01,244.7,112.19624025676296,3.764974505260502
Gasoline,2023-10-01,229.1,105.043558000917,3.5249516107690266
Gasoline,2023-11-01,221.1,101.37551581843192,3.4018629469272454
Gasoline,2023-12-01,211.3,96.88216414488767,3.2510793337210626
Gasoline,2024-01-01,209.3,95.9651535992664,3.2203071677606174
Gasoline,2024-02-01,217.7,99.81659789087574,3.349550264794488
Gasoline,2024-03-01,228.3,104.67675378266851,3.5126427443848494
Gasoline,2024-04-01,246.3,112.92984869325997,3.789592238028858
Gasoline,2024-05-01,243.2,111.508482347547,3.741895380790168
Gasoline,2024-06-01,235.7,108.06969280146721,3.626499758438497
Gasoline,2024-07-01,241.4,110.68317285648786,3.714200431425767
Gasoline,2024-08-01,235.2,107.84044016506189,3.6188067169483857
Gasoline,2024-09-01,218.4,100.13755158184318,3.360320522880644
Gasoline,2024-10-01,220.0,100.87116001834022,3.3849382556490006
Gasoline,2024-11-01,220.1,100.91701054562128,3.386476863947023
Gasoline,2024-12-01,218.7,100.27510316368637,3.36493634777471
Gasoline,2025-01-01,227.4,104.26409903713893,3.4987952697026485
Gasoline,2025-02-01,228.8,104.90600641907383,3.520335785874961
Gasoline,2025-03-01,224.7,103.02613480055021,3.4572528456560474
Gasoline,2025-04-01,201.7,92.48051352590555,3.1033729371109247
Gasoline,2025-05-01,205.5,94.22283356258598,3.161840052435771
Gasoline,2025-06-01,204.0,93.53507565337001,3.1387609279654365
Gasoline,2025-07-01,202.5,92.84731774415405,3.1156818034951024
Gasoline,2025-08-01,205.4,94.1769830353049,3.1603014441377484
Gasoline,2025-09-01,209.4,96.01100412654746,3.2218457760586396
Goods,2023-01-01,141.2,100.0,3.3557046979865772
Goods,2023-02-01,141.8,100.42492917847028,3.36996406639162
Goods,2023-03-01,142.7,101.06232294617563,3.391353118999182
Goods,2023-04-01,143.9,101.91218130311617,3.4198718558092676
Goods,2023-05-01,144.1,102.05382436260624,3.4246249786109475
Goods,2023-06-01,144.4,102.26628895184137,3.4317546628134687
Goods,2023-07-01,144.7,102.4787535410765,3.43888434701599
Goods,2023-08-01,145.6,103.11614730878188,3.460273399623553
Goods,2023-09-01,145.2,102.8328611898017,3.450767154020191
Goods,2023-10-01,144.1,102.05382436260624,3.4246249786109475
Goods,2023-11-01,144.2,102.12464589235128,3.427001540011788
Goods,2023-12-01,143.1,101.34560906515581,3.400859364602544
Goods,2024-01-01,143.1,101.34560906515581,3.400859364602544
Goods,2024-02-01,143.5,101.62889518413598,3.4103656102059055
Goods,2024-03-01,144.2,102.12464589235128,3.427001540011788
Goods,2024-04-01,145.4,102.9745042492918,3.4555202768218725
Goods,2024-05-01,145.5,103.04532577903684,3.457896838222713
Goods,2024-06-01,144.8,102.54957507082155,3.4412609084168304
Goods,2024-07-01,145.1,102.76203966005666,3.4483905926193508
Goods,2024-08-01,144.6,102.40793201133145,3.4365077856151496
Goods,2024-09-01,143.7,101.77053824362605,3.4151187330075854
Goods,2024-10-01,144.2,102.12464589235128,3.427001540011788
Goods,2024-11-01,144.2,102.12464589235128,3.427001540011788
Goods,2024-12-01,142.9,101.20396600566572,3.396106241800863
Goods,2025-01-01,144.4,102.26628895184137,3.4317546628134687
Goods,2025-02-01,145.6,103.11614730878188,3.460273399623553
Goods,2025-03-01,146.1,103.47025495750708,3.4721562066277545
Goods,2025-04-01,144.7,102.4787535410765,3.43888434701599
Goods,2025-05-01,145.4,102.9745042492918,3.4555202768218725
Goods,2025-06-01,145.5,103.04532577903684,3.457896838222713
Goods,2025-07-01,145.6,103.11614730878188,3.460273399623553
Goods,2025-08-01,145.6,103.11614730878188,3.460273399623553
Goods,2025-09-01,146.0,103.39943342776206,3.469779645226915
Health and personal care,2023-01-01,142.4,100.0,3.3557046979865772
Health and personal care,2023-02-01,143.0,100.42134831460675,3.369843903174723
Health and personal care,2023-03-01,143.7,100.9129213483146,3.3863396425608925
Health and personal care,2023-04-01,145.7,102.31741573033706,3.4334703265213777
Health and personal care,2023-05-01,146.0,102.52808988764043,3.4405399291154506
Health and personal care,2023-06-01,146.4,102.80898876404494,3.449966065907548
Health and personal care,2023-07-01,146.6,102.94943820224718,3.4546791343035967
Health and personal care,2023-08-01,147.2,103.37078651685391,3.468818339491742
Health and personal care,2023-09-01,147.4,103.51123595505618,3.473531407887791
Health and personal care,2023-10-01,147.3,103.44101123595506,3.471174873689767
Health and personal care,2023-11-01,147.4,103.51123595505618,3.473531407887791
Health and personal care,2023-12-01,146.7,103.0196629213483,3.4570356685016206
Health and personal care,2024-01-01,147.7,103.72191011235954,3.4806010104818634
Health and personal care,2024-02-01,148.4,104.21348314606742,3.497096749868034
Health and personal care,2024-03-01,148.3,104.1432584269663,3.49474021567001
Health and personal care,2024-04-01,150.0,105.33707865168537,3.534801297036422
Health and personal care,2024-05-01,151.2,106.17977528089885,3.563079707412713
Health and personal care,2024-06-01,150.8,105.89887640449437,3.5536535706206163
Health and personal care,2024-07-01,150.8,105.89887640449437,3.5536535706206163
Health and personal care,2024-08-01,151.1,106.10955056179773,3.560723173214689
Health and personal care,2024-09-01,151.9,106.67134831460675,3.579575446798884
Health and personal care,2024-10-01,151.9,106.67134831460675,3.579575446798884
Health and personal care,2024-11-01,151.6,106.46067415730336,3.5725058442048105
Health and personal care,2024-12-01,151.3,106.25,3.565436241610738
Health and personal care,2025-01-01,151.1,106.10955056179773,3.560723173214689
Health and personal care,2025-02-01,151.9,106.67134831460675,3.579575446798884
Health and personal care,2025-03-01,152.0,106.74157303370787,3.581931980996908
Health and personal care,2025-04-01,152.8,107.30337078651687,3.600784254581103
Health and personal care,2025-05-01,154.4,108.42696629213484,3.638488801749491
Health and personal care,2025-06-01,154.8,108.70786516853931,3.6479149385415877
Health and personal care,2025-07-01,155.0,108.84831460674155,3.652628006937636
Health and personal care,2025-08-01,155.4,109.12921348314606,3.6620541437297334
Health and personal care,2025-09-01,155.8,109.41011235955057,3.671480280521831
"Household operations, furnishings and equipment",2023-01-01,131.4,100.0,3.3557046979865772
"Household operations, furnishings and equipment",2023-02-01,132.8,101.06544901065449,3.3914580204917613
"Household operations, furnishings and equipment",2023-03-01,133.3,101.44596651445967,3.404227064243613
"Household operations, furnishings and equipment",2023-04-01,133.7,101.7503805175038,3.414442299245094
"Household operations, furnishings and equipment",2023-05-01,133.0,101.21765601217656,3.3965656379925018
"Household operations, furnishings and equipment",2023-06-01,132.2,100.60882800608826,3.376135167989539
"Household operations, furnishings and equipment",2023-07-01,131.8,100.30441400304414,3.3659199329880582
"Household operations, furnishings and equipment",2023-08-01,132.2,100.60882800608826,3.376135167989539
"Household operations, furnishings and equipment",2023-09-01,131.3,99.92389649923898,3.353150889236207
"Household operations, furnishings and equipment",2023-10-01,131.3,99.92389649923898,3.353150889236207
"Household operations, furnishings and equipment",2023-11-01,130.9,99.61948249619482,3.3429356542347253
"Household operations, furnishings and equipment",2023-12-01,129.7,98.70624048706239,3.3122899492302813
"Household operations, furnishings and equipment",2024-01-01,130.8,99.5433789954338,3.3403818454843557
"Household operations, furnishings and equipment",2024-02-01,130.6,99.39117199391171,3.3352742279836143
"Household operations, furnishings and equipment",2024-03-01,130.2,99.08675799086757,3.3250589929821333
"Household operations, furnishings and equipment",2024-04-01,130.9,99.61948249619482,3.3429356542347253
"Household operations, furnishings and equipment",2024-05-01,131.0,99.69558599695586,3.3454894629850958
"Household operations, furnishings and equipment",2024-06-01,131.0,99.69558599695586,3.3454894629850958
"Household operations, furnishings and equipment",2024-07-01,131.7,100.2283105022831,3.3633661242376878
"Household operations, furnishings and equipment",2024-08-01,131.2,99.84779299847791,3.350597080485836
"Household operations, furnishings and equipment",2024-09-01,131.0,99.69558599695586,3.3454894629850958
"Household operations, furnishings and equipment",2024-10-01,131.2,99.84779299847791,3.350597080485836
"Household operations, furnishings and equipment",2024-11-01,130.0,98.93455098934551,3.3199513754813927
"Household operations, furnishings and equipment",2024-12-01,128.6,97.869101978691,3.2841980529762083
"Household operations, furnishings and equipment",2025-01-01,130.5,99.31506849315068,3.3327204192332442
"Household operations, furnishings and equipment",2025-02-01,131.7,100.2283105022831,3.3633661242376878
"Household operations, furnishings and equipment",2025-03-01,131.3,99.92389649923898,3.353150889236207
"Household operations, furnishings and equipment",2025-04-01,132.4,100.76103500761036,3.3812427854902807
"Household operations, furnishings and equipment",2025-05-01,133.1,101.29375951293757,3.3991194467428714
"Household operations, furnishings and equipment",2025-06-01,132.9,101.14155251141553,3.3940118292421317
"Household operations, furnishings and equipment",2025-07-01,133.5,101.59817351598173,3.4093346817443533
"Household operations, furnishings and equipment",2025-08-01,133.9,101.90258751902587,3.4195499167458348
"Household operations, furnishings and equipment",2025-09-01,134.1,102.05479452054793,3.424657534246575
"Recreation, education and reading",2023-01-01,122.6,100.0,3.3557046979865772
"Recreation, education and reading",2023-02-01,123.7,100.89722675367048,3.38581297831109
"Recreation, education and reading",2023-03-01,125.1,102.03915171288745,3.424132607815015
"Recreation, education and reading",2023-04-01,125.4,102.28384991843393,3.432343956994427
"Recreation, education and reading",2023-05-01,127.8,104.24143556280588,3.4980347504297273
"Recreation, education and reading",2023-06-01,126.8,103.4257748776509,3.470663586498352
"Recreation, education and reading",2023-07-01,129.4,105.54649265905385,3.541828612719928
"Recreation, education and reading",2023-08-01,128.2,104.56769983686786,3.508983216002277
"Recreation, education and reading",2023-09-01,127.5,103.99673735725938,3.4898234012503146
"Recreation, education and reading",2023-10-01,128.6,104.89396411092986,3.5199316815748274
"Recreation, education and reading",2023-11-01,128.1,104.48613376835236,3.5062460996091396
"Recreation, education and reading",2023-12-01,123.8,100.97879282218598,3.3885500947042275
"Recreation, education and reading",2024-01-01,123.0,100.326264274062,3.3666531635591275
"Recreation, education and reading",2024-02-01,125.0,101.95758564437195,3.4213954914218774
"Recreation, education and reading",2024-03-01,127.5,103.99673735725938,3.4898234012503146
"Recreation, education and reading",2024-04-01,126.6,103.2626427406199,3.465189353712077
"Recreation, education and reading",2024-05-01,129.5,105.62805872756933,3.5445657291130646
"Recreation, education and reading",2024-06-01,127.6,104.07830342577489,3.4925605176434527
"Recreation, education and reading",2024-07-01,129.1,105.30179445350734,3.5336172635405148
"Recreation, education and reading",2024-08-01,128.0,104.40456769983687,3.5035089832160025
"Recreation, education and reading",2024-09-01,127.5,103.99673735725938,3.4898234012503146
"Recreation, education and reading",2024-10-01,127.5,103.99673735725938,3.4898234012503146
"Recreation, education and reading",2024-11-01,126.9,103.50734094616641,3.47340070289149
"Recreation, education and reading",2024-12-01,126.0,102.77324632952691,3.448766655353252
"Recreation, education and reading",2025-01-01,125.3,102.20228384991843,3.4296068406012896
"Recreation, education and reading",2025-02-01,129.6,105.70962479608484,3.5473028455062026
"Recreation, education and reading",2025-03-01,128.6,104.89396411092986,3.5199316815748274
"Recreation, education and reading",2025-04-01,128.4,104.73083197389887,3.5144574487885527
"Recreation, education and reading",2025-05-01,130.6,106.5252854812398,3.5746740094375773
"Recreation, education and reading",2025-06-01,129.6,105.70962479608484,3.5473028455062026
"Recreation, education and reading",2025-07-01,130.3,106.28058727569332,3.566462660258165
"Recreation, education and reading",2025-08-01,128.7,104.97553017944534,3.5226687979679645
"Recreation, education and reading",2025-09-01,129.6,105.70962479608484,3.5473028455062026
Services,2023-01-01,166.1,100.0,3.3557046979865772
Services,2023-02-01,166.8,100.42143287176401,3.3698467406632218
Services,2023-03-01,167.6,100.90307043949429,3.386009075150815
Services,2023-04-01,168.5,101.44491270319085,3.4041917014493572
Services,2023-05-01,169.4,101.98675496688743,3.4223743277479004
Services,2023-06-01,169.5,102.04695966285371,3.424394619558849
Services,2023-07-01,171.2,103.07043949428054,3.4587395803449845
Services,2023-08-01,171.3,103.13064419024684,3.460759872155934
Services,2023-09-01,171.3,103.13064419024684,3.460759872155934
Services,2023-10-01,172.8,104.03371462974114,3.4910642493201722
Services,2023-11-01,173.1,104.21432871763999,3.4971251247530195
Services,2023-12-01,173.1,104.21432871763999,3.4971251247530195
Services,2024-01-01,173.1,104.21432871763999,3.4971251247530195
Services,2024-02-01,173.8,104.63576158940397,3.511267167429663
Services,2024-03-01,175.1,105.41842263696569,3.5375309609720027
Services,2024-04-01,175.5,105.65924142083082,3.5456121282157995
Services,2024-05-01,177.2,106.68272125225768,3.5799570890019354
Services,2024-06-01,177.6,106.92354003612282,3.588038256245732
Services,2024-07-01,178.8,107.64599638771826,3.6122817579771227
Services,2024-08-01,178.6,107.52558699578567,3.6082411743552236
Services,2024-09-01,178.2,107.28476821192052,3.600160007111427
Services,2024-10-01,179.0,107.76640577965082,3.616322341599021
Services,2024-11-01,179.1,107.8266104756171,3.61834263340997
Services,2024-12-01,179.2,107.88681517158338,3.6203629252209186
Services,2025-01-01,177.9,107.10415412402168,3.5940991316785795
Services,2025-02-01,180.1,108.42865743527996,3.638545551519462
Services,2025-03-01,180.6,108.72968091511137,3.6486470105742073
Services,2025-04-01,181.7,109.39193257074051,3.6708702204946477
Services,2025-05-01,182.9,110.11438892233596,3.695113722226039
Services,2025-06-01,183.0,110.17459361830224,3.6971340140369877
Services,2025-07-01,183.8,110.65623118603251,3.713296348524581
Services,2025-08-01,183.6,110.53582179409993,3.7092557649026823
Services,2025-09-01,183.5,110.47561709813365,3.707235473091733
Shelter,2023-01-01,168.0,100.0,3.3557046979865772
Shelter,2023-02-01,168.3,100.17857142857143,3.3616970278044103
Shelter,2023-03-01,168.9,100.53571428571428,3.3736816874400763
Shelter,2023-04-01,169.9,101.13095238095238,3.3936561201661872
Shelter,2023-05-01,170.6,101.54761904761904,3.407638223074464
Shelter,2023-06-01,171.4,102.02380952380952,3.423617769255353
Shelter,2023-07-01,172.6,102.73809523809523,3.4475870885266855
Shelter,2023-08-01,174.0,103.57142857142858,3.475551294343241
Shelter,2023-09-01,174.8,104.04761904761905,3.491530840524129
Shelter,2023-10-01,176.3,104.94047619047619,3.521492489613295
Shelter,2023-11-01,177.1,105.41666666666667,3.5374720357941833
Shelter,2023-12-01,177.8,105.83333333333333,3.5514541387024607
Shelter,2024-01-01,178.4,106.19047619047619,3.5634387983381273
Shelter,2024-02-01,179.2,106.66666666666667,3.5794183445190155
Shelter,2024-03-01,179.9,107.08333333333333,3.593400447427293
Shelter,2024-04-01,180.8,107.61904761904763,3.611377436880793
Shelter,2024-05-01,181.5,108.03571428571428,3.6253595397890694
Shelter,2024-06-01,182.1,108.39285714285714,3.637344199424736
Shelter,2024-07-01,182.5,108.63095238095238,3.6453339725151803
Shelter,2024-08-01,183.3,109.10714285714288,3.6613135186960695
Shelter,2024-09-01,183.5,109.22619047619047,3.6653084052412908
Shelter,2024-10-01,184.8,110.00000000000001,3.691275167785235
Shelter,2024-11-01,185.3,110.29761904761905,3.7012623841482903
Shelter,2024-12-01,185.8,110.5952380952381,3.7112496005113456
Shelter,2025-01-01,186.4,110.95238095238096,3.723234260147012
Shelter,2025-02-01,186.7,111.13095238095237,3.7292265899648442
Shelter,2025-03-01,187.0,111.30952380952381,3.735218919782678
Shelter,2025-04-01,186.9,111.25,3.733221476510067
Shelter,2025-05-01,186.9,111.25,3.733221476510067
Shelter,2025-06-01,187.3,111.48809523809524,3.741211249600511
Shelter,2025-07-01,187.9,111.8452380952381,3.7531959092361777
Shelter,2025-08-01,188.0,111.90476190476191,3.755193352508789
Shelter,2025-09-01,188.2,112.02380952380952,3.759188239054011
Transportation,2023-01-01,165.4,100.0,3.3557046979865772
Transportation,2023-02-01,164.8,99.6372430471584,3.343531645877799
Transportation,2023-03-01,166.0,100.36275695284161,3.367877750095356
Transportation,2023-04-01,168.5,101.87424425634823,3.4185988005485983
Transportation,2023-05-01,168.1,101.63240628778718,3.4104834324760795
Transportation,2023-06-01,170.2,102.90205562273276,3.453089114856804
Transportation,2023-07-01,172.4,104.23216444981863,3.4977236392556583
Transportation,2023-08-01,173.6,104.9576783555018,3.5220697434732147
Transportation,2023-09-01,171.9,103.92986698911729,3.4875794291650095
Transportation,2023-10-01,169.5,102.47883917775091,3.4388872207298964
Transportation,2023-11-01,168.5,101.87424425634823,3.4185988005485983
Transportation,2023-12-01,169.5,102.47883917775091,3.4388872207298964
Transportation,2024-01-01,167.4,101.20918984280532,3.3962815383491716
Transportation,2024-02-01,168.5,101.87424425634823,3.4185988005485983
Transportation,2024-03-01,171.0,103.38573155985489,3.469319851001842
Transportation,2024-04-01,173.8,105.07859733978235,3.5261274275094747
Transportation,2024-05-01,173.9,105.13905683192262,3.5281562695276043
Transportation,2024-06-01,173.6,104.9576783555018,3.5220697434732147
Transportation,2024-07-01,175.9,106.34824667472793,3.568733109890199
Transportation,2024-08-01,173.5,104.89721886336154,3.5200409014550855
Transportation,2024-09-01,169.3,102.35792019347039,3.434829536693637
Transportation,2024-10-01,169.9,102.72067714631197,3.447002588802415
Transportation,2024-11-01,170.4,103.02297460701331,3.457146798893064
Transportation,2024-12-01,173.4,104.83675937122128,3.5180120594369555
Transportation,2025-01-01,173.1,104.65538089480049,3.5119255333825667
Transportation,2025-02-01,173.6,104.9576783555018,3.5220697434732147
Transportation,2025-03-01,173.1,104.65538089480049,3.5119255333825667
Transportation,2025-04-01,170.5,103.08343409915356,3.4591756409111936
Transportation,2025-05-01,171.7,103.80894800483675,3.48352174512875
Transportation,2025-06-01,172.6,104.35308343409915,3.5017813232919175
Transportation,2025-07-01,173.3,104.77629987908101,3.515983217418826
Transportation,2025-08-01,172.7,104.41354292623942,3.5038101653100475
Transportation,2025-09-01,171.8,103.86940749697703,3.4855505871468804
